<metadata>
	<idinfo>
		<citation>
			<citeinfo>
				<origin>U.S. Department of Commerce, U.S. Census Bureau, Geography Division</origin>
				<pubdate>2010</pubdate>
				<title>NHGIS: TIGER/Line Shapefile, 2010, 2010 state, North Dakota, 2010 Census  Block State-based</title>
				<edition>2010</edition>
				<geoform>vector digital data</geoform>
				<onlink>http://www.nhgis.org</onlink>
				<ftname Sync="TRUE">ND_block_2010</ftname><origin>Minnesota Population Center</origin></citeinfo>
		</citation>
		<descript>
			<abstract>The NHGIS is a National Institutes of Health and National Science Foundation-sponsored project to create a digital spatial-temporal database of all available historical US aggregate census materials. The available shapefiles on the NHGIS site represent version 2.0 of historical US state/territory boundary files for the 1790 to 2010 censuses.

The TIGER/Line Files are shapefiles and related database files (.dbf) that are an extract of selected geographic and cartographic information from the U.S. Census Bureau's Master Address File / Topologically Integrated Geographic Encoding and Referencing (MAF/TIGER) Database (MTDB).  The MTDB represents a seamless national file with no overlaps or gaps between parts, however, each TIGER/Line File is designed to stand alone as an independent data set, or they can be combined to cover the entire nation.  Census Blocks are statistical areas bounded on all sides by visible features, such as streets, roads, streams, and railroad tracks, and/or by nonvisible boundaries such as city, town, township, and county limits, and short line-of-sight extensions of streets and roads.  Census blocks are relatively small in area; for example, a block in a city bounded by streets.  However, census blocks in remote areas are often large and irregular and may even be many square miles in area.  A common misunderstanding is that data users think census blocks are used geographically to build all other census geographic areas, rather all other census geographic areas are updated and then used as the primary constraints, along with roads and water features, to delineate the tabulation blocks.  As a result, all 2010 Census blocks nest within every other 2010 Census geographic area, so that Census Bureau statistical data can be tabulated at the block level and aggregated up to the appropriate geographic areas.  Census blocks cover all territory in the United States, Puerto Rico, and the Island Areas (American Samoa, Guam, the Commonwealth of the Northern Mariana Islands, and the U.S. Virgin Islands).  Blocks are the smallest geographic areas for which the Census Bureau publishes data from the decennial census.  A block may consist of one or more faces.</abstract>
			<purpose>These data are based upon work supported by the National Science Foundation - in infrastructure grant provided for the social sciences. Its purpose is twofold. First, the NHGIS created and freely distributes a database incorporating all available aggregate census information for the United States between 1790 and 2010. The database contains information for a wide variety of statistical (blocks, block groups, census tracts, metropolitan statistical areas) and administrative units (places, minor civil divisions, counties, states). Second, the NHGIS produced and freely distributes boundary files for small areas (census tracts and counties) in the United States. Boundary files for tracts are available for the 1910-2010 censuses, and boundary files for counties and states/territories are available for the 1790-2010 censuses. The boundaries contained in this file do not necessarily represent legal county boundaries. Instead, they represent the county boundaries over which the U.S. Census Bureau tabulated and published data.

In order for others to use the information in the Census MAF/TIGER database in a geographic information system (GIS) or for other geographic applications, the Census Bureau releases to the public extracts of the database in the form of TIGER/Line Shapefiles.</purpose>
			<Subject_Entity>Alaska(02)</Subject_Entity>
			<langdata Sync="TRUE">en</langdata></descript>
		<timeperd>
			<timeinfo>
				<rngdates>
					<begdate>201001</begdate>
					<enddate>201007</enddate>
				</rngdates>
			</timeinfo>
			<current>publication date</current>
		</timeperd>
		<status>
			<progress>Complete</progress>
			<update>TIGER/Line Shapefiles are extracted from the Census MAF/TIGER database.  No changes or updates will be made to this version of the TIGER/Line Shapefiles.  Future releases of TIGER/Line Shapefiles will reflect updates made to the Census MAF/TIGER database.</update>
		</status>
		<spdom>
			<bounding>
				<westbc>-179.231086</westbc>
				<eastbc>179.859681</eastbc>
				<northbc>71.441059</northbc>
				<southbc>51.175092</southbc>
			</bounding>
			<lboundng><leftbc Sync="TRUE">-623882.675500</leftbc><rightbc Sync="TRUE">-42953.031300</rightbc><bottombc Sync="TRUE">943014.738500</bottombc><topbc Sync="TRUE">1306659.031200</topbc></lboundng></spdom>
		<keywords>
			<theme>
				<themekt>ISO 19115 Topic Categories</themekt>
				<themekey>boundaries</themekey>
			</theme>
			<theme>
				<themekt>None</themekt>
				<themekey>State or equivalent entity</themekey>
				<themekey>Polygon</themekey>
				<themekey>Block</themekey>
				<themekey>Census Block</themekey>
			</theme>
			<place>
				<placekt>INCITS.38-200x (R2004),INCITS.31-200x (R2007),INCITS.454-200x,INCITS 455-200x,INCITS 446-2008</placekt>
				<placekey>United States</placekey>
				<placekey>U.S.</placekey>
				<placekey>State or Equivalent Entity</placekey>
				<placekey>North Dakota</placekey>
				<placekey>ND</placekey>
				<placekey>38</placekey>
			</place>
		</keywords>
		<accconst>All persons are granted a limited license to use and distribute this documentation and the available data, subject to the use constraints listed below.</accconst>
		<useconst>These data are based upon work supported by the National Science Foundation - in infrastructure grant provided for the social sciences. Its purpose is twofold. First, the NHGIS created and freely distributes a database incorporating all available aggregate census information for the United States between 1790 and 2010. The database contains information for a wide variety of statistical (blocks, block groups, census tracts, metropolitan statistical areas) and administrative units (places, minor civil divisions, counties, states). Second, the NHGIS produced and freely distributes boundary files for small areas (census tracts and counties) in the United States. Boundary files for tracts are available for the 1910-2010 censuses, and boundary files for counties and states/territories are available for the 1790-2010 censuses. The boundaries contained in this file do not necessarily represent legal county boundaries. Instead, they represent the county boundaries over which the U.S. Census Bureau tabulated and published data.

The TIGER/Line Shapefile products are not copyrighted however TIGER/Line and Census TIGER are registered trademarks of the U.S. Census Bureau.  These products are free to use in a product or publication, however acknowledgement must be given to the U.S. Census Bureau as the source.
The boundary information in the TIGER/Line Shapefiles are for statistical data collection and tabulation purposes only; their depiction and designation for statistical purposes does not constitute a determination of jurisdictional authority or rights of ownership or entitlement and they are not legal land descriptions.Coordinates in the TIGER/Line shapefiles have six implied decimal places, but the positional accuracy of these coordinates is not as great as the six decimal places suggest.</useconst>
		<Title_13_Restrictions>Yes, the data are free from Title 13 restrictions</Title_13_Restrictions>
		<ptcontac>
			<cntinfo>
				<cntorgp>
					<cntorg>Minnesota Population Center</cntorg>
				</cntorgp>
				<cntaddr>
					<addrtype>mailing address</addrtype>
					<address>50 Willey Hall</address>
					<city>Minneapolis</city>
					<state>MN</state>
					<postal>55455</postal>
					<country>United States</country>
					<address>225 19th Ave S</address></cntaddr>
				<cntvoice>612-625-7375</cntvoice>
				<cntemail>nhgis@umn.edu</cntemail>
			</cntinfo>
		</ptcontac>
		<native Sync="TRUE">Microsoft Windows Vista Version 6.1 (Build 7600) ; ESRI ArcCatalog 9.3.1.3500</native><natvform Sync="TRUE">Shapefile</natvform></idinfo>
	<Data_Set_Character_Set>8859part1</Data_Set_Character_Set>
	<Data_Set_Language>eng</Data_Set_Language>
	<dataqual>
		<attracc>
			<attraccr>Accurate against Federal Information Processing Standards (FIPS), FIPS Publication 6-4, and FIPS-55 at the 100% level for the codes and base names.  The remaining attribute information has been examined but has not been fully tested for accuracy.</attraccr>
		</attracc>
		<logic>The Census Bureau performed automated tests to ensure logical consistency and limits of shapefiles.  Segments making up the outer and inner boundaries of a polygon tie end-to-end to completely enclose the area.  All polygons are tested for closure.
The Census Bureau uses its internally developed geographic update system to enhance and modify spatial and attribute data in the Census MAF/TIGER database.  Standard geographic codes, such as FIPS codes for states, counties, municipalities, county subdivisions, places, American Indian/Alaska Native/Native Hawaiian areas, and congressional districts are used when encoding spatial entities.  The Census Bureau performed spatial data tests for logical consistency of the codes during the compilation of the original Census MAF/TIGER database files.  Most of the codes for geographic entities except states, counties, urban areas, Core Based Statistical Areas (CBSAs), American Indian Areas (AIAs), and congressional districts were provided to the Census Bureau by the USGS, the agency responsible for maintaining FIPS 55.  Feature attribute information has been examined but has not been fully tested for consistency.
For the TIGER/Line Shapefiles, the Point and Vector Object Count for the G-polygon SDTS Point and Vector Object Type reflects the number of records in the shapefile attribute table.  For multi-polygon features, only one attribute record exists for each multi-polygon rather than one attribute record per individual G-polygon component of the multi-polygon feature.  TIGER/Line Shapefile multi-polygons are an exception to the G-polygon object type classification.  Therefore, when multi-polygons exist in a shapefile, the object count will be less than the actual number of G-polygons.</logic>
		<complete>Data completeness of the TIGER/Line Shapefiles reflects the contents of the Census MAF/TIGER database at the time the TIGER/Line Shapefiles were created.</complete>
		<lineage>
			<srcinfo>
				<srccite>
					<citeinfo>
						<origin>U.S. Department of Commerce, U.S. Census Bureau, Geography Division</origin>
						<pubdate>Unpublished material</pubdate>
						<title>Census MAF/TIGER database</title>
					</citeinfo>
				</srccite>
				<typesrc>online</typesrc>
				<srctime>
					<timeinfo>
						<rngdates>
							<begdate>201001</begdate>
							<enddate>201007</enddate>
						</rngdates>
					</timeinfo>
					<srccurr>publication date</srccurr>
				</srctime>
				<srccitea>MAF/TIGER</srccitea>
				<srccontr>The selected geographic and cartographic information (line segments) are derived from the U.S. Census Bureau's Master Address File Topologically Integrated Geographic Encoding and Referencing (MAF/TIGER) database.</srccontr>
			</srcinfo>
			<procstep>
				<procdesc>TIGER/Line Shapefiles are extracted from the Census MAF/TIGER database by nation, state, county, and entity.  Census MAF/TIGER data for all of the aforementioned geographic entities are then distributed among the shapefiles each containing attributes for line, polygon, or landmark geographic data. </procdesc>
				<srcused>Census MAF/TIGER</srcused>
				<procdate>2010</procdate>
			</procstep>
			<procstep><procdesc>Erased coastal water features. Added and calculated GISJOIN.</procdesc><procsv>ArcGIS 9.3.1</procsv></procstep><procstep><procdesc Sync="TRUE">Metadata imported.</procdesc><srcused Sync="TRUE">Z:\istads\data\shape\tl2010\base\nongen\block\Metadata_Template_ak.xml</srcused><procdate Sync="TRUE">20110818</procdate><proctime Sync="TRUE">13054600</proctime></procstep><procstep><procdesc>Calculated and added a text field called PL94JOIN</procdesc><procsv>ArcGIS 10</procsv><procdate>201112</procdate></procstep></lineage>
	</dataqual>
	<spdoinfo>
		<indspref>Federal Information Processing Standards (FIPS), ANSI, and feature names.</indspref>
		<direct>Vector</direct>
		<ptvctinf><esriterm Name="ND_block_20101"><efeatyp Sync="TRUE">Simple</efeatyp><efeageom Sync="TRUE">4</efeageom><esritopo Sync="TRUE">FALSE</esritopo><efeacnt Sync="TRUE">0</efeacnt><spindex Sync="TRUE">TRUE</spindex><linrefer Sync="TRUE">FALSE</linrefer></esriterm></ptvctinf></spdoinfo>
	<spref>
		<horizsys>
			<geodetic>
				<horizdn>North American Datum of 1983 in the 48 contiguous states, the District of Columbia, Alaska, Hawaii, Puerto Rico, the Virgin Islands of the United States, and the Pacific Island Areas.</horizdn>
				<ellips>Geodetic Reference System 80</ellips>
				<semiaxis>6378137</semiaxis>
				<denflat>298257</denflat>
			</geodetic>
			<cordsysn><geogcsn Sync="TRUE">GCS_North_American_1983</geogcsn><projcsn Sync="TRUE">USA_Contiguous_Albers_Equal_Area_Conic</projcsn></cordsysn><planar><planci><plance Sync="TRUE">coordinate pair</plance><plandu Sync="TRUE">meters</plandu><coordrep><absres Sync="TRUE">0.000000</absres><ordres Sync="TRUE">0.000000</ordres></coordrep></planci></planar></horizsys>
	</spref>
	<eainfo>
		<detailed Name="ND_block_20101">
			<enttyp>
				<enttypl>TABBLOCK10.shp</enttypl>
				<enttypd>2010 Census Block State-based</enttypd>
				<enttypds>U.S. Census Bureau</enttypds>
				<enttypt Sync="TRUE">Feature Class</enttypt><enttypc Sync="TRUE">0</enttypc></enttyp>
			<attr><attrlabl Sync="TRUE">OBJECTID</attrlabl><attalias Sync="TRUE">OBJECTID</attalias><attrtype Sync="TRUE">OID</attrtype><attwidth Sync="TRUE">4</attwidth><atprecis Sync="TRUE">0</atprecis><attscale Sync="TRUE">0</attscale><attrdef Sync="TRUE">Internal feature number.</attrdef><attrdefs Sync="TRUE">ESRI</attrdefs><attrdomv><udom Sync="TRUE">Sequential unique whole numbers that are automatically generated.</udom></attrdomv></attr><attr><attrlabl Sync="TRUE">Shape</attrlabl><attalias Sync="TRUE">Shape</attalias><attrtype Sync="TRUE">Geometry</attrtype><attwidth Sync="TRUE">0</attwidth><atprecis Sync="TRUE">0</atprecis><attscale Sync="TRUE">0</attscale><attrdef Sync="TRUE">Feature geometry.</attrdef><attrdefs Sync="TRUE">ESRI</attrdefs><attrdomv><udom Sync="TRUE">Coordinates defining the features.</udom></attrdomv></attr><attr>
				<attrlabl>STATEFP10</attrlabl>
				<attrdef>2010 Census state Federal Information Processing Standards
                 (FIPS) codes</attrdef>
				<attrdefs>U.S. Census Bureau</attrdefs>
				<attrdomv>
					<codesetd>
						<codesetn>INCITS.38-200x (R2004), Codes for the Identification of
                      the States, the District of Columbia, Puerto Rico, and the
                      Insular Areas of the United States (Formerly FIPS 5-2)</codesetn>
						<codesets>U.S. Census Bureau</codesets>
					</codesetd>
				</attrdomv>
				<attalias Sync="TRUE">STATEFP10</attalias><attrtype Sync="TRUE">String</attrtype><attwidth Sync="TRUE">2</attwidth><atprecis Sync="TRUE">0</atprecis><attscale Sync="TRUE">0</attscale></attr>
			<attr>
				<attrlabl>COUNTYFP10</attrlabl>
				<attrdef>2010 Census county Federal Information Processing Standards
                 (FIPS) code</attrdef>
				<attrdefs>U.S. Census Bureau</attrdefs>
				<attrdomv>
					<codesetd>
						<codesetn>INCITS.31-200x (R2007), Codes for the Identification of
                      the Counties and Equivalent Areas of the United States,
                      Puerto Rico, and the Insular Areas of the United States
                      (Formerly FIPS 6-4)</codesetn>
						<codesets>U.S. Census Bureau</codesets>
					</codesetd>
				</attrdomv>
				<attalias Sync="TRUE">COUNTYFP10</attalias><attrtype Sync="TRUE">String</attrtype><attwidth Sync="TRUE">3</attwidth><atprecis Sync="TRUE">0</atprecis><attscale Sync="TRUE">0</attscale></attr>
			<attr>
				<attrlabl>TRACTCE10</attrlabl>
				<attrdef>2010 Census census tract code</attrdef>
				<attrdefs>U.S. Census Bureau</attrdefs>
				<attrdomv>
					<edom>
						<edomv>000000</edomv>
						<edomvd>Water tract in some coastal and Great Lakes water and
                    territorial sea</edomvd>
						<edomvds>U.S. Census</edomvds>
					</edom>
					<edom>
						<edomv>000100 to 998999</edomv>
						<edomvd>Census tract number</edomvd>
						<edomvds>U.S. Census Bureau</edomvds>
					</edom>
				</attrdomv>
				<attalias Sync="TRUE">TRACTCE10</attalias><attrtype Sync="TRUE">String</attrtype><attwidth Sync="TRUE">6</attwidth><atprecis Sync="TRUE">0</atprecis><attscale Sync="TRUE">0</attscale></attr>
			<attr>
				<attrlabl>BLOCKCE10</attrlabl>
				<attrdef>2010 Census tabulation block number</attrdef>
				<attrdefs>U.S. Census Bureau</attrdefs>
				<attrdomv>
					<edom>
						<edomv>0001 to 9999</edomv>
						<edomvd>tabulation block number</edomvd>
						<edomvds>U.S. Census Bureau</edomvds>
					</edom>
				</attrdomv>
				<attalias Sync="TRUE">BLOCKCE10</attalias><attrtype Sync="TRUE">String</attrtype><attwidth Sync="TRUE">4</attwidth><atprecis Sync="TRUE">0</atprecis><attscale Sync="TRUE">0</attscale></attr>
			<attr>
				<attrlabl>GEOID10</attrlabl>
				<attrdef>Block identifier; a concatenation of 2010 Census state Federal
                 Information Processing Standards (FIPS) code, county FIPS code,
                 census tract code, and tabulation block number</attrdef>
				<attrdefs>U.S. Census Bureau</attrdefs>
				<attrdomv>
					<codesetd>
						<codesetn>INCITS.38-200x (R2004), Codes for the Identification of
                      the States, the District of Columbia, Puerto Rico, and the
                      Insular Areas of the United States (Formerly FIPS 5-2),
                      INCITS.31-200x (R2007), Codes for the Identification of
                      the Counties and Equivalent Areas of the United States,
                      Puerto Rico, and the Insular Areas of the United States
                      (Formerly FIPS 6-4), the census tract code that appears in
                      TRACTCE10 and the tabulation block number that appears in
                      BLOCKCE10</codesetn>
						<codesets>U.S. Census Bureau</codesets>
					</codesetd>
				</attrdomv>
				<attalias Sync="TRUE">GEOID10</attalias><attrtype Sync="TRUE">String</attrtype><attwidth Sync="TRUE">15</attwidth><atprecis Sync="TRUE">0</atprecis><attscale Sync="TRUE">0</attscale></attr>
			<attr>
				<attrlabl>NAME10</attrlabl>
				<attrdef>2010 Census tabulation block name; a concatenation of "Block",
                 and the current tabulation block number</attrdef>
				<attrdefs>U.S. Census Bureau</attrdefs>
				<attrdomv>
					<udom>Refer to the tabulation block number that appears in BLOCKCE10</udom>
				</attrdomv>
				<attalias Sync="TRUE">NAME10</attalias><attrtype Sync="TRUE">String</attrtype><attwidth Sync="TRUE">10</attwidth><atprecis Sync="TRUE">0</atprecis><attscale Sync="TRUE">0</attscale></attr>
			<attr>
				<attrlabl>MTFCC10</attrlabl>
				<attrdef>MAF/TIGER feature class code</attrdef>
				<attrdefs>U.S. Census Bureau</attrdefs>
				<attrdomv>
					<edom>
						<edomv>G5040</edomv>
						<edomvd>Tabulation Block</edomvd>
						<edomvds>U.S. Census Bureau</edomvds>
					</edom>
				</attrdomv>
				<attalias Sync="TRUE">MTFCC10</attalias><attrtype Sync="TRUE">String</attrtype><attwidth Sync="TRUE">5</attwidth><atprecis Sync="TRUE">0</atprecis><attscale Sync="TRUE">0</attscale></attr>
			<attr>
				<attrlabl>UR10</attrlabl>
				<attrdef>2010 Census urban/rural indicator</attrdef>
				<attrdefs>U.S. Census Bureau</attrdefs>
				<attrdomv>
					<edom>
						<edomv>M</edomv>
						<edomvd>Mixed - part of the land area is classified as urban and
                    part is classified as rural</edomvd>
						<edomvds>U.S. Census Bureau</edomvds>
					</edom>
					<edom>
						<edomv>N</edomv>
						<edomvd>Not Applicable (water-only and international areas)</edomvd>
						<edomvds>U.S. Census Bureau</edomvds>
					</edom>
					<edom>
						<edomv>R</edomv>
						<edomvd>Area is classified as rural</edomvd>
						<edomvds>U.S. Census Bureau</edomvds>
					</edom>
					<edom>
						<edomv>U</edomv>
						<edomvd>Area is classified as urban</edomvd>
						<edomvds>U.S. Census Bureau</edomvds>
					</edom>
				</attrdomv>
				<attalias Sync="TRUE">UR10</attalias><attrtype Sync="TRUE">String</attrtype><attwidth Sync="TRUE">1</attwidth><atprecis Sync="TRUE">0</atprecis><attscale Sync="TRUE">0</attscale></attr>
			<attr>
				<attrlabl>UACE10</attrlabl>
				<attrdef>2010 Census urban area code</attrdef>
				<attrdefs>U.S. Census Bureau</attrdefs>
				<attrdomv>
					<edom>
						<edomv>00001 to 98999</edomv>
						<edomvd>Urban Area Code</edomvd>
						<edomvds>U.S. Census Bureau</edomvds>
					</edom>
				</attrdomv>
				<attalias Sync="TRUE">UACE10</attalias><attrtype Sync="TRUE">String</attrtype><attwidth Sync="TRUE">5</attwidth><atprecis Sync="TRUE">0</atprecis><attscale Sync="TRUE">0</attscale></attr>
			<attr>
				<attrlabl>FUNCSTAT10</attrlabl>
				<attrdef>2010 Census functional status</attrdef>
				<attrdefs>U.S. Census Bureau</attrdefs>
				<attrdomv>
					<edom>
						<edomv>S</edomv>
						<edomvd>Statistical entity</edomvd>
						<edomvds>U.S. Census Bureau</edomvds>
					</edom>
				</attrdomv>
				<attalias Sync="TRUE">FUNCSTAT10</attalias><attrtype Sync="TRUE">String</attrtype><attwidth Sync="TRUE">1</attwidth><atprecis Sync="TRUE">0</atprecis><attscale Sync="TRUE">0</attscale></attr>
			<attr>
				<attrlabl>ALAND10</attrlabl>
				<attrdef>2010 Census land area (square meters)</attrdef>
				<attrdefs>U.S. Census Bureau</attrdefs>
				<attrdomv>
					<edom>
						<edomv>0 to 9,999,999,999,999</edomv>
						<edomvd>Blank</edomvd>
						<edomvds>U.S. Census Bureau</edomvds>
					</edom>
				</attrdomv>
				<attalias Sync="TRUE">ALAND10</attalias><attrtype Sync="TRUE">Double</attrtype><attwidth Sync="TRUE">8</attwidth><atprecis Sync="TRUE">0</atprecis><attscale Sync="TRUE">0</attscale></attr>
			<attr>
				<attrlabl>AWATER10</attrlabl>
				<attrdef>2010 Census water area (square meters)</attrdef>
				<attrdefs>U.S. Census Bureau</attrdefs>
				<attrdomv>
					<edom>
						<edomv>0 to 9,999,999,999,999</edomv>
						<edomvd>Blank</edomvd>
						<edomvds>U.S. Census Bureau</edomvds>
					</edom>
				</attrdomv>
				<attalias Sync="TRUE">AWATER10</attalias><attrtype Sync="TRUE">Double</attrtype><attwidth Sync="TRUE">8</attwidth><atprecis Sync="TRUE">0</atprecis><attscale Sync="TRUE">0</attscale></attr>
			<attr>
				<attrlabl>INTPTLAT10</attrlabl>
				<attrdef>2010 Census latitude of the internal point</attrdef>
				<attrdefs>U.S. Census Bureau</attrdefs>
				<attrdomv>
					<edom>
						<edomv>00</edomv>
						<edomvd>Blank</edomvd>
						<edomvds>U.S. Census Bureau</edomvds>
					</edom>
				</attrdomv>
				<attalias Sync="TRUE">INTPTLAT10</attalias><attrtype Sync="TRUE">String</attrtype><attwidth Sync="TRUE">11</attwidth><atprecis Sync="TRUE">0</atprecis><attscale Sync="TRUE">0</attscale></attr>
			<attr>
				<attrlabl>INTPTLON10</attrlabl>
				<attrdef>2010 Census longitude of the internal point</attrdef>
				<attrdefs>U.S. Census Bureau</attrdefs>
				<attrdomv>
					<edom>
						<edomv>00</edomv>
						<edomvd>Blank</edomvd>
						<edomvds>U.S. Census Bureau</edomvds>
					</edom>
				</attrdomv>
				<attalias Sync="TRUE">INTPTLON10</attalias><attrtype Sync="TRUE">String</attrtype><attwidth Sync="TRUE">12</attwidth><atprecis Sync="TRUE">0</atprecis><attscale Sync="TRUE">0</attscale></attr>
			<attr><attrlabl Sync="TRUE">Shape_Leng</attrlabl><attalias Sync="TRUE">Shape_Leng</attalias><attrtype Sync="TRUE">Double</attrtype><attwidth Sync="TRUE">8</attwidth><atprecis Sync="TRUE">0</atprecis><attscale Sync="TRUE">0</attscale></attr><attr><attrlabl Sync="TRUE">Shape_Area</attrlabl><attalias Sync="TRUE">Shape_Area</attalias><attrtype Sync="TRUE">Double</attrtype><attwidth Sync="TRUE">8</attwidth><attrdef Sync="TRUE">Area of feature in internal units squared.</attrdef><attrdefs Sync="TRUE">ESRI</attrdefs><attrdomv><udom Sync="TRUE">Positive real numbers that are automatically generated.</udom></attrdomv><atprecis Sync="TRUE">0</atprecis><attscale Sync="TRUE">0</attscale></attr><attr><attrlabl Sync="TRUE">Shape_Length</attrlabl><attalias Sync="TRUE">Shape_Length</attalias><attrtype Sync="TRUE">Double</attrtype><attwidth Sync="TRUE">8</attwidth><atprecis Sync="TRUE">0</atprecis><attscale Sync="TRUE">0</attscale><attrdef Sync="TRUE">Length of feature in internal units.</attrdef><attrdefs Sync="TRUE">ESRI</attrdefs><attrdomv><udom Sync="TRUE">Positive real numbers that are automatically generated.</udom></attrdomv></attr><attr><attrlabl Sync="TRUE">GISJOIN</attrlabl><attalias Sync="TRUE">GISJOIN</attalias><attrtype Sync="TRUE">String</attrtype><attwidth Sync="TRUE">50</attwidth><attrdef>Unique identifier for joining to NHGIS tabular data</attrdef><attrdefs>NHGIS</attrdefs><atprecis Sync="TRUE">0</atprecis><attscale Sync="TRUE">0</attscale></attr></detailed>
	</eainfo>
	<distinfo>
		<distrib>
			<cntinfo>
				<cntorgp>
					<cntorg>Minnesota Population Center</cntorg>
				</cntorgp>
				<cntaddr>
					<addrtype>mailing address</addrtype>
					<address>50 Willey Hall</address>
					<city>Minneapolis</city>
					<state>MN</state>
					<postal>55455</postal>
					<country>United States</country>
					<address>225 19th Ave S </address></cntaddr>
				<cntvoice>612-625-7375</cntvoice>
				<cntemail>nhgis@umn.edu</cntemail>
			</cntinfo>
		</distrib>
		<distliab>No warranty, expressed or implied is made with regard to the accuracy of these data, and no liability is assumed by the U.S. Government in general or the U.S. Census Bureau in specific as to the spatial or attribute accuracy of the data.  The act of distribution shall not constitute any such warranty and no responsibility is assumed by the U.S. government in the use of these files.  The boundary information in the TIGER/Line Shapefiles is for statistical data collection and tabulation purposes only; their depiction and designation for statistical purposes do not constitute a determination of jurisdictional authority or rights of ownership or entitlement and they are not legal land descriptions.</distliab>
		<stdorder>
			<digform>
				<digtinfo>
					<formname>TGRSHP (compressed)</formname>
					<filedec>PK-ZIP, version 1.93 A or higher</filedec>
					<transize Sync="TRUE">97.106</transize><dssize Sync="TRUE">97.106</dssize></digtinfo>
				<digtopt>
					<onlinopt>
						<computer>
							<networka>
								<networkr>http://www.census.gov/geo/www/tiger</networkr>
							</networka>
						</computer>
					</onlinopt>
					<offoptn>
						<offmedia>DVD-ROM (Only if offered offline)</offmedia>
						<recfmt>ISO 9660</recfmt>
					</offoptn>
				</digtopt>
			</digform>
			<fees>The online copy of the TIGER/Line files may be accessed without charge.</fees>
			<ordering>To obtain more information about ordering TIGER/Line shapefiles visit http://www.census.gov/geo/www/tiger </ordering>
		</stdorder>
		<techpreq>The TIGER/Line shapefiles contain geographic data only and do not include display mapping software or statistical data.  For information on how to use the TIGER/Line shapefile data with specific software package users shall contact the company that produced the software.</techpreq>
		<resdesc Sync="TRUE">Downloadable Data</resdesc></distinfo>
	<metainfo>
		<metd>20100507</metd>
		<metc>
			<cntinfo>
				<cntorgp>
					<cntorg>Minnesota Population Center</cntorg>
				</cntorgp>
				<cntaddr>
					<addrtype>mailing address</addrtype>
					<address>50 Willey Hall</address>
					<city>Minneapolis</city>
					<state>MN</state>
					<postal>55455</postal>
					<country>United States</country>
					<address>225 19th Ave S</address></cntaddr>
				<cntvoice>612-625-7375</cntvoice>
				<cntemail>nhgis@umn.edu</cntemail>
			</cntinfo>
		</metc>
		<metstdn>FGDC Content Standards for Digital Geospatial Metadata</metstdn>
		<metstdv>FGDC-STD-001-1998</metstdv>
		<Metadata_Character_Set>8859part1</Metadata_Character_Set>
		<Metadata_File_Identifier>tl_2010_02_tabblock10.shp.xml</Metadata_File_Identifier>
		<Metadata_Language>eng</Metadata_Language>
		<langmeta Sync="TRUE">en</langmeta><mettc Sync="TRUE">local time</mettc></metainfo>
	<Esri><CreaDate>20111222</CreaDate><CreaTime>10443000</CreaTime><ArcGISFormat>1.0</ArcGISFormat><SyncOnce>FALSE</SyncOnce><DataProperties><itemProps><itemLocation><linkage Sync="TRUE">file://\\MPC-2LVJP81\E$\Work\GISJOINTEST\blocks\blocks.gdb</linkage><protocol Sync="TRUE">Local Area Network</protocol></itemLocation><itemName Sync="TRUE">ND_block_20101</itemName><imsContentType Sync="TRUE">002</imsContentType><itemSize Sync="TRUE">0.000</itemSize></itemProps><lineage><Process Date="20110809" Time="102013" ToolSource="C:\Program Files (x86)\ArcGIS\Desktop10.0\ArcToolbox\Toolboxes\Data Management Tools.tbx\Project">Project C:\Users\borah\Documents\Census_2010\02_Alaska\tl_2010_02_tabblock10\tl_2010_02_tabblock10.shp C:\Users\borah\Documents\Census_2010\Processed\\tl_2010_us_tabblock10.gdb\tl_2010_AK_tabblock10_projected PROJCS['NAD_1983_Alaska_Albers',GEOGCS['GCS_North_American_1983',DATUM['D_North_American_1983',SPHEROID['GRS_1980',6378137.0,298.257222101]],PRIMEM['Greenwich',0.0],UNIT['Degree',0.0174532925199433]],PROJECTION['Albers'],PARAMETER['False_Easting',0.0],PARAMETER['False_Northing',0.0],PARAMETER['Central_Meridian',-154.0],PARAMETER['Standard_Parallel_1',55.0],PARAMETER['Standard_Parallel_2',65.0],PARAMETER['Latitude_Of_Origin',50.0],UNIT['Meter',1.0]] # GEOGCS['GCS_North_American_1983',DATUM['D_North_American_1983',SPHEROID['GRS_1980',6378137.0,298.257222101]],PRIMEM['Greenwich',0.0],UNIT['Degree',0.0174532925199433]]</Process><Process Date="20110809" Time="102119" ToolSource="C:\Program Files (x86)\ArcGIS\Desktop10.0\ArcToolbox\Toolboxes\Analysis Tools.tbx\Erase">Erase C:\Users\borah\Documents\Census_2010\Processed\\tl_2010_us_tabblock10.gdb\tl_2010_AK_tabblock10_projected C:\Users\borah\Documents\Census_2010\coastal_water_2010.gdb\AK_2010_water_final C:\Users\borah\Documents\Census_2010\Processed\\tl_2010_us_tabblock10.gdb\tl_2010_AK_tabblock10 #</Process><Process Date="20110815" Time="160255" ToolSource="C:\Program Files (x86)\ArcGIS\Desktop10.0\ArcToolbox\Toolboxes\Data Management Tools.tbx\AddField">AddField C:\Users\borah\Documents\Census_2010\Processed\tl_2010_us_tabblock10.gdb\tl_2010_AK_tabblock10 gisjoin_blk TEXT # # 20 # NULLABLE NON_REQUIRED #</Process><Process Date="20110815" Time="160535" ToolSource="C:\Program Files (x86)\ArcGIS\Desktop10.0\ArcToolbox\Toolboxes\Data Management Tools.tbx\CalculateField">CalculateField C:\Users\borah\Documents\Census_2010\Processed\tl_2010_us_tabblock10.gdb\tl_2010_AK_tabblock10 gisjoin_blk ""G" + [STATEFP10]+ "0" + [COUNTYFP10] + "0" + [TRACTCE10] + [BLOCKCE10]" VB #</Process><Process Date="20110816" Time="082704" ToolSource="C:\Program Files (x86)\ArcGIS\Desktop10.0\ArcToolbox\Toolboxes\Data Management Tools.tbx\JoinField">JoinField C:\Users\borah\Documents\Census_2010\Processed\tl_2010_us_tabblock10.gdb\tl_2010_AK_tabblock10 gisjoin_blk C:\Users\borah\Documents\Census_2010\blockgisjoin.gdb\ds171_2010_block_750 gisjoin_blk gisjoin</Process><Process Date="20110816" Time="113508" ToolSource="C:\Program Files (x86)\ArcGIS\Desktop10.0\ArcToolbox\Toolboxes\Data Management Tools.tbx\JoinField">JoinField C:\Users\borah\Documents\Census_2010\Processed\tl_2010_us_tabblock10.gdb\tl_2010_AK_tabblock10 gisjoin_blk C:\Users\borah\Documents\Census_2010\blockgisjoin.gdb\ds171_2010_block_750 gisjoin_blk GISJOIN</Process><Process Date="20110817" Time="121540" ToolSource="C:\Program Files (x86)\ArcGIS\Desktop10.0\ArcToolbox\Toolboxes\Conversion Tools.tbx\FeatureClassToFeatureClass">FeatureClassToFeatureClass C:\Users\borah\Documents\Census_2010\Processed\tl_2010_us_tabblock10.gdb\tl_2010_AK_tabblock10 Z:\istads\data\shape\tl2010\base\nongen\block AK_block_2010.shp # "STATEFP10 "STATEFP10" true true false 2 Text 0 0 ,First,#,C:\Users\borah\Documents\Census_2010\Processed\tl_2010_us_tabblock10.gdb\tl_2010_AK_tabblock10,STATEFP10,-1,-1;COUNTYFP10 "COUNTYFP10" true true false 3 Text 0 0 ,First,#,C:\Users\borah\Documents\Census_2010\Processed\tl_2010_us_tabblock10.gdb\tl_2010_AK_tabblock10,COUNTYFP10,-1,-1;TRACTCE10 "TRACTCE10" true true false 6 Text 0 0 ,First,#,C:\Users\borah\Documents\Census_2010\Processed\tl_2010_us_tabblock10.gdb\tl_2010_AK_tabblock10,TRACTCE10,-1,-1;BLOCKCE10 "BLOCKCE10" true true false 4 Text 0 0 ,First,#,C:\Users\borah\Documents\Census_2010\Processed\tl_2010_us_tabblock10.gdb\tl_2010_AK_tabblock10,BLOCKCE10,-1,-1;GEOID10 "GEOID10" true true false 15 Text 0 0 ,First,#,C:\Users\borah\Documents\Census_2010\Processed\tl_2010_us_tabblock10.gdb\tl_2010_AK_tabblock10,GEOID10,-1,-1;NAME10 "NAME10" true true false 10 Text 0 0 ,First,#,C:\Users\borah\Documents\Census_2010\Processed\tl_2010_us_tabblock10.gdb\tl_2010_AK_tabblock10,NAME10,-1,-1;MTFCC10 "MTFCC10" true true false 5 Text 0 0 ,First,#,C:\Users\borah\Documents\Census_2010\Processed\tl_2010_us_tabblock10.gdb\tl_2010_AK_tabblock10,MTFCC10,-1,-1;UR10 "UR10" true true false 1 Text 0 0 ,First,#,C:\Users\borah\Documents\Census_2010\Processed\tl_2010_us_tabblock10.gdb\tl_2010_AK_tabblock10,UR10,-1,-1;UACE10 "UACE10" true true false 5 Text 0 0 ,First,#,C:\Users\borah\Documents\Census_2010\Processed\tl_2010_us_tabblock10.gdb\tl_2010_AK_tabblock10,UACE10,-1,-1;FUNCSTAT10 "FUNCSTAT10" true true false 1 Text 0 0 ,First,#,C:\Users\borah\Documents\Census_2010\Processed\tl_2010_us_tabblock10.gdb\tl_2010_AK_tabblock10,FUNCSTAT10,-1,-1;ALAND10 "ALAND10" true true false 8 Double 0 0 ,First,#,C:\Users\borah\Documents\Census_2010\Processed\tl_2010_us_tabblock10.gdb\tl_2010_AK_tabblock10,ALAND10,-1,-1;AWATER10 "AWATER10" true true false 8 Double 0 0 ,First,#,C:\Users\borah\Documents\Census_2010\Processed\tl_2010_us_tabblock10.gdb\tl_2010_AK_tabblock10,AWATER10,-1,-1;INTPTLAT10 "INTPTLAT10" true true false 11 Text 0 0 ,First,#,C:\Users\borah\Documents\Census_2010\Processed\tl_2010_us_tabblock10.gdb\tl_2010_AK_tabblock10,INTPTLAT10,-1,-1;INTPTLON10 "INTPTLON10" true true false 12 Text 0 0 ,First,#,C:\Users\borah\Documents\Census_2010\Processed\tl_2010_us_tabblock10.gdb\tl_2010_AK_tabblock10,INTPTLON10,-1,-1;Shape_Leng "Shape_Length" false true true 8 Double 0 0 ,First,#,C:\Users\borah\Documents\Census_2010\Processed\tl_2010_us_tabblock10.gdb\tl_2010_AK_tabblock10,Shape_Length,-1,-1;Shape_Area "Shape_Area" false true true 8 Double 0 0 ,First,#,C:\Users\borah\Documents\Census_2010\Processed\tl_2010_us_tabblock10.gdb\tl_2010_AK_tabblock10,Shape_Area,-1,-1;GISJOIN "GISJOIN" true true false 50 Text 0 0 ,First,#,C:\Users\borah\Documents\Census_2010\Processed\tl_2010_us_tabblock10.gdb\tl_2010_AK_tabblock10,GISJOIN,-1,-1" #</Process><Process Date="20111222" Time="103707" ToolSource="C:\Program Files (x86)\ArcGIS\Desktop10.0\ArcToolbox\Toolboxes\Conversion Tools.tbx\FeatureClassToFeatureClass">FeatureClassToFeatureClass E:\Work\GISJOINTEST\blocks\nhgis0066_shape\ND_block_2010.shp E:\Work\GISJOINTEST\blocks\blocks.gdb ND_block_20101 # "STATEFP10 "STATEFP10" true true false 2 Text 0 0 ,First,#,E:\Work\GISJOINTEST\blocks\nhgis0066_shape\ND_block_2010.shp,STATEFP10,-1,-1;COUNTYFP10 "COUNTYFP10" true true false 3 Text 0 0 ,First,#,E:\Work\GISJOINTEST\blocks\nhgis0066_shape\ND_block_2010.shp,COUNTYFP10,-1,-1;TRACTCE10 "TRACTCE10" true true false 6 Text 0 0 ,First,#,E:\Work\GISJOINTEST\blocks\nhgis0066_shape\ND_block_2010.shp,TRACTCE10,-1,-1;BLOCKCE10 "BLOCKCE10" true true false 4 Text 0 0 ,First,#,E:\Work\GISJOINTEST\blocks\nhgis0066_shape\ND_block_2010.shp,BLOCKCE10,-1,-1;GEOID10 "GEOID10" true true false 15 Text 0 0 ,First,#,E:\Work\GISJOINTEST\blocks\nhgis0066_shape\ND_block_2010.shp,GEOID10,-1,-1;NAME10 "NAME10" true true false 10 Text 0 0 ,First,#,E:\Work\GISJOINTEST\blocks\nhgis0066_shape\ND_block_2010.shp,NAME10,-1,-1;MTFCC10 "MTFCC10" true true false 5 Text 0 0 ,First,#,E:\Work\GISJOINTEST\blocks\nhgis0066_shape\ND_block_2010.shp,MTFCC10,-1,-1;UR10 "UR10" true true false 1 Text 0 0 ,First,#,E:\Work\GISJOINTEST\blocks\nhgis0066_shape\ND_block_2010.shp,UR10,-1,-1;UACE10 "UACE10" true true false 5 Text 0 0 ,First,#,E:\Work\GISJOINTEST\blocks\nhgis0066_shape\ND_block_2010.shp,UACE10,-1,-1;FUNCSTAT10 "FUNCSTAT10" true true false 1 Text 0 0 ,First,#,E:\Work\GISJOINTEST\blocks\nhgis0066_shape\ND_block_2010.shp,FUNCSTAT10,-1,-1;ALAND10 "ALAND10" true true false 19 Double 0 0 ,First,#,E:\Work\GISJOINTEST\blocks\nhgis0066_shape\ND_block_2010.shp,ALAND10,-1,-1;AWATER10 "AWATER10" true true false 19 Double 0 0 ,First,#,E:\Work\GISJOINTEST\blocks\nhgis0066_shape\ND_block_2010.shp,AWATER10,-1,-1;INTPTLAT10 "INTPTLAT10" true true false 11 Text 0 0 ,First,#,E:\Work\GISJOINTEST\blocks\nhgis0066_shape\ND_block_2010.shp,INTPTLAT10,-1,-1;INTPTLON10 "INTPTLON10" true true false 12 Text 0 0 ,First,#,E:\Work\GISJOINTEST\blocks\nhgis0066_shape\ND_block_2010.shp,INTPTLON10,-1,-1;Shape_Leng "Shape_Leng" true true false 19 Double 0 0 ,First,#,E:\Work\GISJOINTEST\blocks\nhgis0066_shape\ND_block_2010.shp,Shape_Leng,-1,-1;Shape_Area "Shape_Area" true true false 19 Double 0 0 ,First,#,E:\Work\GISJOINTEST\blocks\nhgis0066_shape\ND_block_2010.shp,Shape_Area,-1,-1;GISJOIN "GISJOIN" true true false 50 Text 0 0 ,First,#,E:\Work\GISJOINTEST\blocks\nhgis0066_shape\ND_block_2010.shp,GISJOIN,-1,-1" #</Process><Process Date="20111222" Time="104008" ToolSource="C:\Program Files (x86)\ArcGIS\Desktop10.0\ArcToolbox\Toolboxes\Data Management Tools.tbx\CalculateField">CalculateField ND_block_20101 PL94JOIN [GISJOIN] VB #</Process><Process Date="20111222" Time="104130" ToolSource="C:\Program Files (x86)\ArcGIS\Desktop10.0\ArcToolbox\Toolboxes\Data Management Tools.tbx\CalculateField">CalculateField ND_block_20101 GISJOIN ""G" + !STATEFP10! + "0"+ !COUNTYFP10! + "0" +  !TRACTCE10! + !BLOCKCE10!" PYTHON_9.3 #</Process><Process Name="Calculate Field (2)" ToolSource="c:\program files (x86)\arcgis\desktop10.2\ArcToolbox\Toolboxes\Data Management Tools.tbx\CalculateField" Date="20140206" Time="151551">CalculateField Z:\istads\data\shape\tl2010\base\nongen\block\ND_block_2010.shp Shape_Area "!shape.area@squaremeters!    " PYTHON #</Process><Process Name="Calculate Field" ToolSource="c:\program files (x86)\arcgis\desktop10.2\ArcToolbox\Toolboxes\Data Management Tools.tbx\CalculateField" Date="20140206" Time="151658">CalculateField Z:\istads\data\shape\tl2010\base\nongen\block\ND_block_2010.shp Shape_Len "!shape.length@METERS! " PYTHON #</Process></lineage><coordRef><type Sync="TRUE">Projected</type><geogcsn Sync="TRUE">GCS_North_American_1983</geogcsn><projcsn Sync="TRUE">USA_Contiguous_Albers_Equal_Area_Conic</projcsn><peXml Sync="TRUE">&lt;ProjectedCoordinateSystem xsi:type='typens:ProjectedCoordinateSystem' xmlns:xsi='http://www.w3.org/2001/XMLSchema-instance' xmlns:xs='http://www.w3.org/2001/XMLSchema' xmlns:typens='http://www.esri.com/schemas/ArcGIS/10.0'&gt;&lt;WKT&gt;PROJCS[&amp;quot;USA_Contiguous_Albers_Equal_Area_Conic&amp;quot;,GEOGCS[&amp;quot;GCS_North_American_1983&amp;quot;,DATUM[&amp;quot;D_North_American_1983&amp;quot;,SPHEROID[&amp;quot;GRS_1980&amp;quot;,6378137.0,298.257222101]],PRIMEM[&amp;quot;Greenwich&amp;quot;,0.0],UNIT[&amp;quot;Degree&amp;quot;,0.0174532925199433]],PROJECTION[&amp;quot;Albers&amp;quot;],PARAMETER[&amp;quot;False_Easting&amp;quot;,0.0],PARAMETER[&amp;quot;False_Northing&amp;quot;,0.0],PARAMETER[&amp;quot;Central_Meridian&amp;quot;,-96.0],PARAMETER[&amp;quot;Standard_Parallel_1&amp;quot;,29.5],PARAMETER[&amp;quot;Standard_Parallel_2&amp;quot;,45.5],PARAMETER[&amp;quot;Latitude_Of_Origin&amp;quot;,37.5],UNIT[&amp;quot;Meter&amp;quot;,1.0],AUTHORITY[&amp;quot;ESRI&amp;quot;,102003]]&lt;/WKT&gt;&lt;XOrigin&gt;-16901100&lt;/XOrigin&gt;&lt;YOrigin&gt;-8579000&lt;/YOrigin&gt;&lt;XYScale&gt;10000&lt;/XYScale&gt;&lt;ZOrigin&gt;-100000&lt;/ZOrigin&gt;&lt;ZScale&gt;10000&lt;/ZScale&gt;&lt;MOrigin&gt;-100000&lt;/MOrigin&gt;&lt;MScale&gt;10000&lt;/MScale&gt;&lt;XYTolerance&gt;0.001&lt;/XYTolerance&gt;&lt;ZTolerance&gt;0.001&lt;/ZTolerance&gt;&lt;MTolerance&gt;0.001&lt;/MTolerance&gt;&lt;HighPrecision&gt;true&lt;/HighPrecision&gt;&lt;WKID&gt;102003&lt;/WKID&gt;&lt;/ProjectedCoordinateSystem&gt;</peXml></coordRef></DataProperties><SyncDate>20111222</SyncDate><SyncTime>10355000</SyncTime><ModDate>20111222</ModDate><ModTime>10355000</ModTime></Esri><dataIdInfo><envirDesc Sync="TRUE">Microsoft Windows Server 2008 R2 Version 6.1 (Build 7600) ; ESRI ArcGIS 10.0.0.2414</envirDesc><dataLang><languageCode country="USA" value="eng"/></dataLang><idCitation><resTitle Sync="TRUE">ND_block_20101</resTitle><presForm><PresFormCd value="005"/></presForm></idCitation><descKeys><thesaName uuidref="723f6998-058e-11dc-8314-0800200c9a66"/><keyword Sync="TRUE">002</keyword></descKeys><spatRpType><SpatRepTypCd value="001"/></spatRpType><dataExt><geoEle><GeoBndBox esriExtentType="native"><westBL Sync="TRUE">-623882.6755</westBL><eastBL Sync="TRUE">-42953.0313</eastBL><northBL Sync="TRUE">1306659.0312</northBL><southBL Sync="TRUE">943014.7385</southBL><exTypeCode Sync="TRUE">1</exTypeCode></GeoBndBox></geoEle></dataExt><geoBox esriExtentType="decdegrees"><westBL Sync="TRUE">-104.429061</westBL><eastBL Sync="TRUE">-96.55317</eastBL><northBL Sync="TRUE">49.228559</northBL><southBL Sync="TRUE">45.699331</southBL><exTypeCode Sync="TRUE">1</exTypeCode></geoBox></dataIdInfo><mdLang><languageCode value="eng"/></mdLang><mdChar><CharSetCd value="006"/></mdChar><distInfo><distFormat><formatName Sync="TRUE">File Geodatabase Feature Class</formatName></distFormat><distTranOps><transSize Sync="TRUE">0.000</transSize></distTranOps><distributor><distorTran><onLineSrc><orDesc Sync="TRUE">002</orDesc><linkage Sync="TRUE">file://\\thalia.socsci.umn.edu\ipums\istads\data\shape\tl2010\base\nongen\block\ND_block_2010.shp</linkage><protocol Sync="TRUE">Local Area Network</protocol></onLineSrc><transSize Sync="TRUE">97.106</transSize></distorTran><distorFormat><formatName Sync="TRUE">Shapefile</formatName></distorFormat></distributor></distInfo><mdHrLv><ScopeCd value="005"/></mdHrLv><mdHrLvName Sync="TRUE">dataset</mdHrLvName><refSysInfo><RefSystem><refSysID><identCode code="102003"/><idCodeSpace Sync="TRUE">ESRI</idCodeSpace><idVersion Sync="TRUE">10.0.0</idVersion></refSysID></RefSystem></refSysInfo><spatRepInfo><VectSpatRep><topLvl><TopoLevCd value="001"/></topLvl><geometObjs><geoObjTyp><GeoObjTypCd value="002"/><geoObjCnt Sync="TRUE">0</geoObjCnt></geoObjTyp></geometObjs></VectSpatRep></spatRepInfo><mdDateSt Sync="TRUE">20111222</mdDateSt><mdStanName Sync="TRUE">ISO 19115 Geographic Information - Metadata</mdStanName><mdStanVer Sync="TRUE">DIS_ESRI1.0</mdStanVer></metadata>
